A A uni0041
Agrave Agrave uni00C0
Aacute Aacute uni00C1
Acircumflex Acircumflex uni00C2
Atilde Atilde uni00C3
Adieresis Adieresis uni00C4
Aring Aring uni00C5
Amacron Amacron uni0100
Abreve Abreve uni0102
Aogonek Aogonek uni0104
Aringacute Aringacute uni01FA
uni0200 Adblgrave uni0200
uni0202 Ainvertedbreve uni0202
uni1EA0 Adotbelow uni1EA0
uni1EA2 Ahookabove uni1EA2
uni1EA4 Acircumflexacute uni1EA4
uni1EA6 Acircumflexgrave uni1EA6
uni1EA8 Acircumflexhookabove uni1EA8
uni1EAA Acircumflextilde uni1EAA
uni1EAC Acircumflexdotbelow uni1EAC
uni1EAE Abreveacute uni1EAE
uni1EB0 Abrevegrave uni1EB0
uni1EB2 Abrevehookabove uni1EB2
uni1EB4 Abrevetilde uni1EB4
uni1EB6 Abrevedotbelow uni1EB6
B B uni0042
C C uni0043
Ccedilla Ccedilla uni00C7
Cacute Cacute uni0106
Ccircumflex Ccircumflex uni0108
Cdotaccent Cdotaccent uni010A
Ccaron Ccaron uni010C
uni1E08 Ccedillaacute uni1E08
D D uni0044
Dcaron Dcaron uni010E
uni1E0C Ddotbelow uni1E0C
uni1E0E Dlinebelow uni1E0E
E E uni0045
Egrave Egrave uni00C8
Eacute Eacute uni00C9
Ecircumflex Ecircumflex uni00CA
Edieresis Edieresis uni00CB
Emacron Emacron uni0112
Ebreve Ebreve uni0114
Edotaccent Edotaccent uni0116
Eogonek Eogonek uni0118
Ecaron Ecaron uni011A
uni0204 Edblgrave uni0204
uni0206 Einvertedbreve uni0206
uni1E14 Emacrongrave uni1E14
uni1E16 Emacronacute uni1E16
uni1E1C Ecedillabreve uni1E1C
uni1EB8 Edotbelow uni1EB8
uni1EBC Etilde uni1EBC
uni1EBE Ecircumflexacute uni1EBE
uni1EC0 Ecircumflexgrave uni1EC0
uni1EC2 Ecircumflexhookabove uni1EC2
uni1EC4 Ecircumflextilde uni1EC4
uni1EC6 Ecircumflexdotbelow uni1EC6
F F uni0046
G G uni0047
Gcircumflex Gcircumflex uni011C
Gbreve Gbreve uni011E
Gdotaccent Gdotaccent uni0120
uni0122 Gcommaaccent uni0122
Gcaron Gcaron uni01E6
uni1E20 Gmacron uni1E20
H H uni0048
Hcircumflex Hcircumflex uni0124
uni1E24 Hdotbelow uni1E24
uni1E2A Hbrevebelow uni1E2A
I I uni0049
Igrave Igrave uni00CC
Iacute Iacute uni00CD
Icircumflex Icircumflex uni00CE
Idieresis Idieresis uni00CF
Itilde Itilde uni0128
Imacron Imacron uni012A
Ibreve Ibreve uni012C
Iogonek Iogonek uni012E
Idotaccent Idotaccent uni0130
uni0208 Idblgrave uni0208
uni020A Iinvertedbreve uni020A
uni1E2E Idieresisacute uni1E2E
uni1ECA Idotbelow uni1ECA
J J uni004A
Jcircumflex Jcircumflex uni0134
K K uni004B
uni0136 Kcommaaccent uni0136
L L uni004C
Lacute Lacute uni0139
uni013B Lcommaaccent uni013B
Lcaron Lcaron uni013D
uni1E36 Ldotbelow uni1E36
uni1E3A Llinebelow uni1E3A
M M uni004D
uni1E42 Mdotbelow uni1E42
N N uni004E
Ntilde Ntilde uni00D1
Nacute Nacute uni0143
uni0145 Ncommaaccent uni0145
Ncaron Ncaron uni0147
uni1E44 Ndotaccent uni1E44
uni1E46 Ndotbelow uni1E46
uni1E48 Nlinebelow uni1E48
O O uni004F
Ograve Ograve uni00D2
Oacute Oacute uni00D3
Ocircumflex Ocircumflex uni00D4
Otilde Otilde uni00D5
Odieresis Odieresis uni00D6
Omacron Omacron uni014C
Obreve Obreve uni014E
Ohungarumlaut Ohungarumlaut uni0150
Ohorn Ohorn uni01A0
uni01EA Oogonek uni01EA
uni020C Odblgrave uni020C
uni020E Oinvertedbreve uni020E
uni022A Odieresismacron uni022A
uni022C Otildemacron uni022C
uni0230 Odotaccentmacron uni0230
uni1E4C Otildeacute uni1E4C
uni1E4E Otildedieresis uni1E4E
uni1E50 Omacrongrave uni1E50
uni1E52 Omacronacute uni1E52
uni1ECC Odotbelow uni1ECC
uni1ECE Ohookabove uni1ECE
uni1ED0 Ocircumflexacute uni1ED0
uni1ED2 Ocircumflexgrave uni1ED2
uni1ED4 Ocircumflexhookabove uni1ED4
uni1ED6 Ocircumflextilde uni1ED6
uni1ED8 Ocircumflexdotbelow uni1ED8
uni1EDA Ohornacute uni1EDA
uni1EDC Ohorngrave uni1EDC
uni1EDE Ohornhookabove uni1EDE
uni1EE0 Ohorntilde uni1EE0
uni1EE2 Ohorndotbelow uni1EE2
P P uni0050
Q Q uni0051
R R uni0052
Racute Racute uni0154
uni0156 Rcommaaccent uni0156
Rcaron Rcaron uni0158
uni0210 Rdblgrave uni0210
uni0212 Rinvertedbreve uni0212
uni1E5A Rdotbelow uni1E5A
uni1E5E Rlinebelow uni1E5E
S S uni0053
Sacute Sacute uni015A
Scircumflex Scircumflex uni015C
Scedilla Scedilla uni015E
Scaron Scaron uni0160
uni0218 Scommaaccent uni0218
uni1E60 Sdotaccent uni1E60
uni1E62 Sdotbelow uni1E62
uni1E64 Sacutedotaccent uni1E64
uni1E66 Scarondotaccent uni1E66
uni1E68 Sdotbelowdotaccent uni1E68
T T uni0054
uni0162 Tcedilla uni0162
Tcaron Tcaron uni0164
uni021A Tcommaaccent uni021A
uni021A.1 uni021A uni021A
uni1E6C Tdotbelow uni1E6C
uni1E6E Tlinebelow uni1E6E
U U uni0055
Ugrave Ugrave uni00D9
Uacute Uacute uni00DA
Ucircumflex Ucircumflex uni00DB
Udieresis Udieresis uni00DC
Utilde Utilde uni0168
Umacron Umacron uni016A
Ubreve Ubreve uni016C
Uring Uring uni016E
Uhungarumlaut Uhungarumlaut uni0170
Uogonek Uogonek uni0172
Uhorn Uhorn uni01AF
uni01D9 Udieresiscaron uni01D9
uni0214 Udblgrave uni0214
uni0216 Uinvertedbreve uni0216
uni1E78 Utildeacute uni1E78
uni1E7A Umacrondieresis uni1E7A
uni1EE4 Udotbelow uni1EE4
uni1EE6 Uhookabove uni1EE6
uni1EE8 Uhornacute uni1EE8
uni1EEA Uhorngrave uni1EEA
uni1EEC Uhornhookabove uni1EEC
uni1EEE Uhorntilde uni1EEE
uni1EF0 Uhorndotbelow uni1EF0
V V uni0056
W W uni0057
Wcircumflex Wcircumflex uni0174
Wgrave Wgrave uni1E80
Wacute Wacute uni1E82
Wdieresis Wdieresis uni1E84
X X uni0058
Y Y uni0059
Yacute Yacute uni00DD
Ycircumflex Ycircumflex uni0176
Ydieresis Ydieresis uni0178
uni0232 Ymacron uni0232
uni1E8E Ydotaccent uni1E8E
Ygrave Ygrave uni1EF2
uni1EF4 Ydotbelow uni1EF4
uni1EF6 Yhookabove uni1EF6
uni1EF8 Ytilde uni1EF8
Z Z uni005A
Zacute Zacute uni0179
Zdotaccent Zdotaccent uni017B
Zcaron Zcaron uni017D
uni1E92 Zdotbelow uni1E92
AE AE uni00C6
AEacute AEacute uni01FC
Eth Eth uni00D0
Oslash Oslash uni00D8
Oslashacute Oslashacute uni01FE
Thorn Thorn uni00DE
Dcroat Dcroat uni0110
Hbar Hbar uni0126
IJ IJ uni0132
Ldot Ldot uni013F
Lslash Lslash uni0141
Eng Eng uni014A
OE OE uni0152
Tbar Tbar uni0166
uni018F Schwa uni018F
uni1E9E Germandbls uni1E9E
E.alt E.alt
F.alt F.alt
Cacute.pl Cacute.pl
Nacute.pl Nacute.pl
Oacute.pl Oacute.pl
Sacute.pl Sacute.pl
Zacute.pl Zacute.pl
Delta Delta uni0394
Omega ohm uni2126
uni2113 litre uni2113
a a uni0061
agrave agrave uni00E0
aacute aacute uni00E1
acircumflex acircumflex uni00E2
atilde atilde uni00E3
adieresis adieresis uni00E4
aring aring uni00E5
amacron amacron uni0101
abreve abreve uni0103
aogonek aogonek uni0105
aringacute aringacute uni01FB
uni0201 adblgrave uni0201
uni0203 ainvertedbreve uni0203
uni1EA1 adotbelow uni1EA1
uni1EA3 ahookabove uni1EA3
uni1EA5 acircumflexacute uni1EA5
uni1EA7 acircumflexgrave uni1EA7
uni1EA9 acircumflexhookabove uni1EA9
uni1EAB acircumflextilde uni1EAB
uni1EAD acircumflexdotbelow uni1EAD
uni1EAF abreveacute uni1EAF
uni1EB1 abrevegrave uni1EB1
uni1EB3 abrevehookabove uni1EB3
uni1EB5 abrevetilde uni1EB5
uni1EB7 abrevedotbelow uni1EB7
b b uni0062
c c uni0063
ccedilla ccedilla uni00E7
cacute cacute uni0107
ccircumflex ccircumflex uni0109
cdotaccent cdotaccent uni010B
ccaron ccaron uni010D
uni1E09 ccedillaacute uni1E09
d d uni0064
dcaron dcaron uni010F
uni1E0D ddotbelow uni1E0D
uni1E0F dlinebelow uni1E0F
e e uni0065
egrave egrave uni00E8
eacute eacute uni00E9
ecircumflex ecircumflex uni00EA
edieresis edieresis uni00EB
emacron emacron uni0113
ebreve ebreve uni0115
edotaccent edotaccent uni0117
eogonek eogonek uni0119
ecaron ecaron uni011B
uni0205 edblgrave uni0205
uni0207 einvertedbreve uni0207
uni1E15 emacrongrave uni1E15
uni1E17 emacronacute uni1E17
uni1E1D ecedillabreve uni1E1D
uni1EB9 edotbelow uni1EB9
uni1EBD etilde uni1EBD
uni1EBF ecircumflexacute uni1EBF
uni1EC1 ecircumflexgrave uni1EC1
uni1EC3 ecircumflexhookabove uni1EC3
uni1EC5 ecircumflextilde uni1EC5
uni1EC7 ecircumflexdotbelow uni1EC7
f f uni0066
f_b f_b
f_f_b f_f_b
f_f_h f_f_h
f_f_j f_f_j
f_f_k f_f_k
f_h f_h
f_i f_i
f_j f_j
f_k f_k
f_l f_l
g g uni0067
gcircumflex gcircumflex uni011D
gbreve gbreve uni011F
gdotaccent gdotaccent uni0121
uni0123 gcommaaccent uni0123
gcaron gcaron uni01E7
uni1E21 gmacron uni1E21
h h uni0068
hcircumflex hcircumflex uni0125
uni1E25 hdotbelow uni1E25
uni1E2B hbrevebelow uni1E2B
i i uni0069
igrave igrave uni00EC
iacute iacute uni00ED
icircumflex icircumflex uni00EE
idieresis idieresis uni00EF
itilde itilde uni0129
imacron imacron uni012B
ibreve ibreve uni012D
iogonek iogonek uni012F
uni0209 idblgrave uni0209
uni020B iinvertedbreve uni020B
uni1E2F idieresisacute uni1E2F
uni1EC9 ihoi uni1EC9
uni1ECB idotbelow uni1ECB
j j uni006A
jcircumflex jcircumflex uni0135
k k uni006B
uni0137 kcommaaccent uni0137
l l uni006C
lacute lacute uni013A
uni013C lcommaaccent uni013C
lcaron lcaron uni013E
uni1E37 ldotbelow uni1E37
uni1E3B llinebelow uni1E3B
m m uni006D
uni1E43 mdotbelow uni1E43
n n uni006E
ntilde ntilde uni00F1
nacute nacute uni0144
uni0146 ncommaaccent uni0146
ncaron ncaron uni0148
uni1E45 ndotaccent uni1E45
uni1E47 ndotbelow uni1E47
uni1E49 nlinebelow uni1E49
o o uni006F
ograve ograve uni00F2
oacute oacute uni00F3
ocircumflex ocircumflex uni00F4
otilde otilde uni00F5
odieresis odieresis uni00F6
omacron omacron uni014D
obreve obreve uni014F
ohungarumlaut ohungarumlaut uni0151
ohorn ohorn uni01A1
uni01EB oogonek uni01EB
uni020D odblgrave uni020D
uni020F oinvertedbreve uni020F
uni022B odieresismacron uni022B
uni022D otildemacron uni022D
uni0231 odotaccentmacron uni0231
uni1E4D otildeacute uni1E4D
uni1E4F otildedieresis uni1E4F
uni1E51 omacrongrave uni1E51
uni1E53 omacronacute uni1E53
uni1ECD odotbelow uni1ECD
uni1ECF ohookabove uni1ECF
uni1ED1 ocircumflexacute uni1ED1
uni1ED3 ocircumflexgrave uni1ED3
uni1ED5 ocircumflexhookabove uni1ED5
uni1ED7 ocircumflextilde uni1ED7
uni1ED9 ocircumflexdotbelow uni1ED9
uni1EDB ohornacute uni1EDB
uni1EDD ohorngrave uni1EDD
uni1EDF ohornhookabove uni1EDF
uni1EE1 ohorntilde uni1EE1
uni1EE3 ohorndotbelow uni1EE3
p p uni0070
q q uni0071
r r uni0072
racute racute uni0155
uni0157 rcommaaccent uni0157
rcaron rcaron uni0159
uni0211 rdblgrave uni0211
uni0213 rinvertedbreve uni0213
uni1E5B rdotbelow uni1E5B
uni1E5F rlinebelow uni1E5F
s s uni0073
sacute sacute uni015B
scircumflex scircumflex uni015D
scedilla scedilla uni015F
scaron scaron uni0161
uni0219 scommaaccent uni0219
uni1E61 sdotaccent uni1E61
uni1E63 sdotbelow uni1E63
uni1E65 sacutedotaccent uni1E65
uni1E67 scarondotaccent uni1E67
uni1E69 sdotbelowdotaccent uni1E69
t t uni0074
uni0163 tcedilla uni0163
tcaron tcaron uni0165
uni021B tcommaaccent uni021B
uni021B.1 uni021B uni021B
uni1E6D tdotbelow uni1E6D
uni1E6F tlinebelow uni1E6F
uni1E97 tdieresis uni1E97
u u uni0075
ugrave ugrave uni00F9
uacute uacute uni00FA
ucircumflex ucircumflex uni00FB
udieresis udieresis uni00FC
utilde utilde uni0169
umacron umacron uni016B
ubreve ubreve uni016D
uring uring uni016F
uhungarumlaut uhungarumlaut uni0171
uogonek uogonek uni0173
uhorn uhorn uni01B0
uni01DA udieresiscaron uni01DA
uni0215 udblgrave uni0215
uni0217 uinvertedbreve uni0217
uni1E79 utildeacute uni1E79
uni1E7B umacrondieresis uni1E7B
uni1EE5 udotbelow uni1EE5
uni1EE7 uhookabove uni1EE7
uni1EE9 uhornacute uni1EE9
uni1EEB uhorngrave uni1EEB
uni1EED uhornhookabove uni1EED
uni1EEF uhorntilde uni1EEF
uni1EF1 uhorndotbelow uni1EF1
v v uni0076
w w uni0077
wcircumflex wcircumflex uni0175
wgrave wgrave uni1E81
wacute wacute uni1E83
wdieresis wdieresis uni1E85
x x uni0078
y y uni0079
yacute yacute uni00FD
ydieresis ydieresis uni00FF
ycircumflex ycircumflex uni0177
uni0233 ymacron uni0233
uni1E8F ydotaccent uni1E8F
ygrave ygrave uni1EF3
uni1EF5 ydotbelow uni1EF5
uni1EF7 yhookabove uni1EF7
uni1EF9 ytilde uni1EF9
z z uni007A
zacute zacute uni017A
zdotaccent zdotaccent uni017C
zcaron zcaron uni017E
uni1E93 zdotbelow uni1E93
ordfeminine ordfeminine uni00AA
ordmasculine ordmasculine uni00BA
germandbls germandbls uni00DF
ae ae uni00E6
aeacute aeacute uni01FD
eth eth uni00F0
oslash oslash uni00F8
oslashacute oslashacute uni01FF
thorn thorn uni00FE
dcroat dcroat uni0111
hbar hbar uni0127
dotlessi dotlessi uni0131
ij ij uni0133
ldot ldot uni0140
lslash lslash uni0142
napostrophe napostrophe uni0149
eng eng uni014B
oe oe uni0153
tbar tbar uni0167
uni0237 dotlessj uni0237
uniFB00 f_f uniFB00
fi fi uniFB01
fl fl uniFB02
uniFB03 f_f_i uniFB03
uniFB04 f_f_l uniFB04
f.alt f.alt
g.alt g.alt
cacute.pl cacute.pl
nacute.pl nacute.pl
oacute.pl oacute.pl
sacute.pl sacute.pl
zacute.pl zacute.pl
f.short f.short
f_f.short f_f.short
mu mu uni03BC
pi pi uni03C0
uni02B9 primemod uni02B9
uni02BB commaturnedmod uni02BB
uni02BC apostrophemod uni02BC
circumflex circumflex uni02C6
circumflex_acute circumflex_acute
circumflex_grave circumflex_grave
circumflex_hook circumflex_hook
circumflex_tilde circumflex_tilde
caron caron uni02C7
caron_dotaccent caron_dotaccent
uni02C8 verticallinemod uni02C8
uni02CC verticallinelowmod uni02CC
caron.alt caron.alt
circumflex.uc circumflex.uc
circumflex_acute.uc circumflex_acute.uc
circumflex_grave.uc circumflex_grave.uc
circumflex_hook.uc circumflex_hook.uc
circumflex_tilde.uc circumflex_tilde.uc
caron.uc caron.uc
caron_dotaccent.uc caron_dotaccent.uc
gravecomb gravecomb uni0300
acutecomb acutecomb uni0301
uni0302 circumflexcomb uni0302
tildecomb tildecomb uni0303
uni0304 macroncomb uni0304
uni0306 brevecomb uni0306
uni0308 dieresiscomb uni0308
uni030C caroncomb uni030C
uni0326 commaaccentcomb uni0326
uni033C cedillacomb uni033C
uni033D ogonekcomb uni033D
zero zero uni0030
one one uni0031
two two uni0032
three three uni0033
four four uni0034
five five uni0035
six six uni0036
seven seven uni0037
eight eight uni0038
nine nine uni0039
zero.den zero.den
one.den one.den
two.den two.den
three.den three.den
four.den four.den
five.den five.den
six.den six.den
seven.den seven.den
eight.den eight.den
nine.den nine.den
zero.lin zero.lin
one.lin one.lin
two.lin two.lin
three.lin three.lin
four.lin four.lin
five.lin five.lin
six.lin six.lin
seven.lin seven.lin
eight.lin eight.lin
nine.lin nine.lin
zero.lintab zero.lintab
one.lintab one.lintab
two.lintab two.lintab
three.lintab three.lintab
four.lintab four.lintab
five.lintab five.lintab
six.lintab six.lintab
seven.lintab seven.lintab
eight.lintab eight.lintab
nine.lintab nine.lintab
zero.num zero.num
one.num one.num
two.num two.num
three.num three.num
four.num four.num
five.num five.num
six.num six.num
seven.num seven.num
eight.num eight.num
nine.num nine.num
zero.old zero.old
one.old one.old
two.old two.old
three.old three.old
four.old four.old
five.old five.old
six.old six.old
seven.old seven.old
eight.old eight.old
nine.old nine.old
zero.oldtab zero.oldtab
one.oldtab one.oldtab
two.oldtab two.oldtab
three.oldtab three.oldtab
four.oldtab four.oldtab
five.oldtab five.oldtab
six.oldtab six.oldtab
seven.oldtab seven.oldtab
eight.oldtab eight.oldtab
nine.oldtab nine.oldtab
zero.sinf zero.sinf
one.sinf one.sinf
two.sinf two.sinf
three.sinf three.sinf
four.sinf four.sinf
five.sinf five.sinf
six.sinf six.sinf
seven.sinf seven.sinf
eight.sinf eight.sinf
nine.sinf nine.sinf
zero.slash zero.slash
zero.slashlin zero.slashlin
zero.slashlintab zero.slashlintab
zero.slashold zero.slashold
zero.sub zero.sub
one.sub one.sub
two.sub two.sub
three.sub three.sub
four.sub four.sub
five.sub five.sub
six.sub six.sub
seven.sub seven.sub
eight.sub eight.sub
nine.sub nine.sub
zero.sup zero.sup
one.sup one.sup
two.sup two.sup
three.sup three.sup
four.sup four.sup
five.sup five.sup
six.sup six.sup
seven.sup seven.sup
eight.sup eight.sup
nine.sup nine.sup
zero.zero zero.zero
twosuperior twosuperior uni00B2
threesuperior threesuperior uni00B3
onesuperior onesuperior uni00B9
onequarter onequarter uni00BC
onehalf onehalf uni00BD
threequarters threequarters uni00BE
onethird onethird uni2153
twothirds twothirds uni2154
oneeighth oneeighth uni215B
threeeighths threeeighths uni215C
fiveeighths fiveeighths uni215D
seveneighths seveneighths uni215E
underscore underscore uni005F
hyphen hyphen uni002D
figuredash figuredash uni2012
endash endash uni2013
emdash emdash uni2014
uni2015 horizontalbar uni2015
hyphen.uc hyphen.uc
endash.uc endash.uc
emdash.uc emdash.uc
parenleft parenleft uni0028
bracketleft bracketleft uni005B
braceleft braceleft uni007B
quotesinglbase quotesinglbase uni201A
quotedblbase quotedblbase uni201E
parenleft.uc parenleft.uc
bracketleft.uc bracketleft.uc
braceleft.uc braceleft.uc
parenright parenright uni0029
bracketright bracketright uni005D
braceright braceright uni007D
parenright.uc parenright.uc
bracketright.uc bracketright.uc
braceright.uc braceright.uc
quoteleft quoteleft uni2018
quotedblleft quotedblleft uni201C
guilsinglleft guilsinglleft uni2039
guilsinglleft.uc guilsinglleft.uc
quoteright quoteright uni2019
quotedblright quotedblright uni201D
guilsinglright guilsinglright uni203A
guilsinglright.uc guilsinglright.uc
exclam exclam uni0021
quotedbl quotedbl uni0022
numbersign numbersign uni0023
percent percent uni0025
ampersand ampersand uni0026
quotesingle quotesingle uni0027
asterisk asterisk uni002A
comma comma uni002C
period period uni002E
slash slash uni002F
colon colon uni003A
semicolon semicolon uni003B
question question uni003F
at at uni0040
backslash backslash uni005C
exclamdown exclamdown uni00A1
periodcentered periodcentered uni00B7
questiondown questiondown uni00BF
dagger dagger uni2020
daggerdbl daggerdbl uni2021
bullet bullet uni2022
ellipsis ellipsis uni2026
perthousand perthousand uni2030
minute minute uni2032
second second uni2033
asterisk.alt asterisk.alt
question.alt question.alt
periodcentered.loclCAT periodcentered.loclCAT
periodcentered.loclCAT.uc periodcentered.loclCAT.uc
comma.tab comma.tab
period.tab period.tab
colon.tab colon.tab
slash.uc slash.uc
at.uc at.uc
backslash.uc backslash.uc
exclamdown.uc exclamdown.uc
periodcentered.uc periodcentered.uc
questiondown.uc questiondown.uc
plus plus uni002B
less less uni003C
equal equal uni003D
greater greater uni003E
bar bar uni007C
asciitilde asciitilde uni007E
logicalnot logicalnot uni00AC
plusminus plusminus uni00B1
multiply multiply uni00D7
divide divide uni00F7
fraction fraction uni2044
arrowleft arrowleft uni2190
arrowup arrowup uni2191
arrowright arrowright uni2192
arrowdown arrowdown uni2193
partialdiff partialdiff uni2202
emptyset emptyset uni2205
product product uni220F
summation summation uni2211
minus minus uni2212
uni2219 bulletoperator uni2219
radical radical uni221A
infinity infinity uni221E
integral integral uni222B
approxequal approxequal uni2248
notequal notequal uni2260
lessequal lessequal uni2264
greaterequal greaterequal uni2265
uni27F7 uni27F7 uni27F7
plus.lin plus.lin
less.lin less.lin
equal.lin equal.lin
greater.lin greater.lin
logicalnot.lin logicalnot.lin
multiply.lin multiply.lin
divide.lin divide.lin
minus.lin minus.lin
approxequal.lin approxequal.lin
notequal.lin notequal.lin
lessequal.lin lessequal.lin
greaterequal.lin greaterequal.lin
plus.sub plus.sub
minus.sub minus.sub
plus.sup plus.sup
minus.sup minus.sup
bar.uc bar.uc
dollar dollar uni0024
cent cent uni00A2
sterling sterling uni00A3
currency currency uni00A4
yen yen uni00A5
franc franc uni20A3
lira lira uni20A4
uni20A6 naira uni20A6
peseta peseta uni20A7
uni20A9 won uni20A9
dong uni20AB uni20AB
Euro Euro uni20AC
uni20AD kip uni20AD
uni20B1 peso uni20B1
uni20B2 guarani uni20B2
uni20B4 uni20B4 uni20B4
uni20B5 cedi uni20B5
uni20B8 uni20B8 uni20B8
dollar.alt dollar.alt
cent.alt cent.alt
sterling.alt sterling.alt
lira.alt lira.alt
dollar.altprop dollar.altprop
cent.altprop cent.altprop
sterling.altprop sterling.altprop
lira.altprop lira.altprop
dollar.proportional dollar.proportional
cent.proportional cent.proportional
sterling.proportional sterling.proportional
currency.proportional currency.proportional
yen.proportional yen.proportional
franc.proportional franc.proportional
lira.proportional lira.proportional
uni20A6.proportional naira.proportional
peseta.proportional peseta.proportional
uni20A9.proportional won.proportional
uni20AB uni20AB.proportional
Euro.proportional Euro.proportional
uni20AD.proportional kip.proportional
uni20B1.proportional peso.proportional
uni20B2.proportional guarani.proportional
uni20B4.proportional uni20B4.proportional
uni20B5.proportional cedi.proportional
uni20B8.proportional uni20B8.proportional
asciicircum asciicircum uni005E
grave grave uni0060
dieresis dieresis uni00A8
dieresis_acute dieresis_acute
dieresis_caron dieresis_caron
dieresis_macron dieresis_macron
macron macron uni00AF
macron_acute macron_acute
macron_dieresis macron_dieresis
macron_grave macron_grave
acute acute uni00B4
acute_dotaccent acute_dotaccent
cedilla cedilla uni00B8
breve breve uni02D8
breve_acute breve_acute
breve_grave breve_grave
breve_hook breve_hook
breve_tilde breve_tilde
dotaccent dotaccent uni02D9
dotaccent_macron dotaccent_macron
ring ring uni02DA
ogonek ogonek uni02DB
tilde tilde uni02DC
tilde_acute tilde_acute
tilde_dieresis tilde_dieresis
tilde_macron tilde_macron
hungarumlaut hungarumlaut uni02DD
acute.pl acute.pl
grave.uc grave.uc
dieresis.uc dieresis.uc
dieresis_acute.uc dieresis_acute.uc
dieresis_caron.uc dieresis_caron.uc
dieresis_macron.uc dieresis_macron.uc
macron.uc macron.uc
macron_acute.uc macron_acute.uc
macron_dieresis.uc macron_dieresis.uc
macron_grave.uc macron_grave.uc
acute.uc acute.uc
acute_dotaccent.uc acute_dotaccent.uc
breve.uc breve.uc
breve_acute.uc breve_acute.uc
breve_grave.uc breve_grave.uc
breve_hook.uc breve_hook.uc
breve_tilde.uc breve_tilde.uc
dotaccent.uc dotaccent.uc
dotaccent_macron.uc dotaccent_macron.uc
ring.uc ring.uc
tilde.uc tilde.uc
tilde_acute.uc tilde_acute.uc
tilde_dieresis.uc tilde_dieresis.uc
tilde_macron.uc tilde_macron.uc
hungarumlaut.uc hungarumlaut.uc
acute.ucpl acute.ucpl
uni1FEE dieresisacute uni1FEE
uni1FEE.uc dieresisacute.uc
brokenbar brokenbar uni00A6
section section uni00A7
copyright copyright uni00A9
registered registered uni00AE
degree degree uni00B0
paragraph paragraph uni00B6
uni2116 numero uni2116
uni2117 uni2117 uni2117
uni2120 servicemark uni2120
trademark trademark uni2122
estimated estimated uni212E
uni2440 hook uni2440
uni24C5 Pcircle uni24C5
uni25B4 uni25B4 uni25B4
uni25B5 uni25B5 uni25B5
uni25B8 uni25B8 uni25B8
uni25B9 uni25B9 uni25B9
uni25BE uni25BE uni25BE
uni25BF uni25BF uni25BF
uni25C2 uni25C2 uni25C2
uni25C3 uni25C3 uni25C3
lozenge lozenge uni25CA
brokenbar.uc brokenbar.uc
uni2440.uc hook.uc
space space uni0020
uni00A0 uni00A0 uni00A0
uni2009 thinspace uni2009
uni200B zerowidthspace uni200B
uni20BC manat uni20BC
uni20BD ruble uni20BD
uni20BC.proportional manat.proportional
uni20BD.proportional ruble.proportional
Omega.1 Omega uniA7B6
Ehookabove Ehookabove
Ihoi Ihoi
Ihookabove Ihookabove
Jacute Jacute
SS SS
acutedotaccent acutedotaccent
arrowdownleft arrowdownleft
arrowdownright arrowdownright
arrowupleft arrowupleft
arrowupright arrowupright
baht baht
blackcircle blackcircle
blackdiamond blackdiamond
blackdownpointingtriangle blackdownpointingtriangle
blackleftpointingtriangle blackleftpointingtriangle
blackrightpointingtriangle blackrightpointingtriangle
blacksquare blacksquare
blacktriangle blacktriangle
blackuppointingtriangle blackuppointingtriangle
breveacute breveacute
brevebelow brevebelow
brevebelowcomb brevebelowcomb
brevegrave brevegrave
brevehookabove brevehookabove
breveinverted breveinverted
breveinvertedcomb breveinvertedcomb
brevetilde brevetilde
carondotaccent carondotaccent
circumflexacute circumflexacute
circumflexgrave circumflexgrave
circumflexhookabove circumflexhookabove
circumflextilde circumflextilde
colonsign colonsign
commaaccent commaaccent
commaturnedabovecomb commaturnedabovecomb
dblgrave dblgrave
dblgravecomb dblgravecomb
dieresisbelow dieresisbelow
dieresisbelowcomb dieresisbelowcomb
dieresiscaron dieresiscaron
dieresismacron dieresismacron
dotaccentcomb dotaccentcomb
dotaccentmacron dotaccentmacron
dotbelow dotbelow
dotbelowcomb dotbelowcomb
doubleprimemod doubleprimemod
ehookabove ehookabove
eightinferior eightinferior
eightsuperior eightsuperior
firsttonechinese firsttonechinese
fiveinferior fiveinferior
fivesuperior fivesuperior
florin florin
fourinferior fourinferior
foursuperior foursuperior
fourthtonechinese fourthtonechinese
guillemotleft guillemotleft
guillemotright guillemotright
heart heart
heartsuitwhite heartsuitwhite
hookabovecomb hookabovecomb
horn horn
horncomb horncomb
hungarumlautcomb hungarumlautcomb
hyphentwo hyphentwo
idotaccent idotaccent
idotless idotless
ihookabove ihookabove
jacute jacute
jdotless jdotless
kgreenlandic kgreenlandic
liraTurkish liraTurkish
literSign literSign
macronacute macronacute
macronbelow macronbelow
macronbelowcomb macronbelowcomb
macrondieresis macrondieresis
macrongrave macrongrave
micro micro
nineinferior nineinferior
ninesuperior ninesuperior
oneinferior oneinferior
ringcomb ringcomb
ringhalfleft ringhalfleft
ringhalfright ringhalfright
rupeeIndian rupeeIndian
schwa schwa
secondtonechinese secondtonechinese
seveninferior seveninferior
sevensuperior sevensuperior
sixinferior sixinferior
sixsuperior sixsuperior
softhyphen softhyphen
threeinferior threeinferior
tildeacute tildeacute
tildedieresis tildedieresis
tildemacron tildemacron
twoinferior twoinferior
whitecircle whitecircle
whitediamond whitediamond
whitedownpointingtriangle whitedownpointingtriangle
whiteleftpointingtriangle whiteleftpointingtriangle
whiterightpointingtriangle whiterightpointingtriangle
whitesquare whitesquare
whitetriangle whitetriangle
whiteuppointingtriangle whiteuppointingtriangle
zeroinferior zeroinferior
zerosuperior zerosuperior
commaaccent.alt commaaccent.alt
baht.proportional baht.proportional
colonsign.proportional colonsign.proportional
florin.proportional florin.proportional
liraTurkish.proportional liraTurkish.proportional
rupeeIndian.proportional rupeeIndian.proportional
acutedotaccent.uc acutedotaccent.uc
breveacute.uc breveacute.uc
brevegrave.uc brevegrave.uc
brevehookabove.uc brevehookabove.uc
breveinverted.uc breveinverted.uc
brevetilde.uc brevetilde.uc
carondotaccent.uc carondotaccent.uc
circumflexacute.uc circumflexacute.uc
circumflexgrave.uc circumflexgrave.uc
circumflexhookabove.uc circumflexhookabove.uc
circumflextilde.uc circumflextilde.uc
dblgrave.uc dblgrave.uc
dieresiscaron.uc dieresiscaron.uc
dieresismacron.uc dieresismacron.uc
dotaccentmacron.uc dotaccentmacron.uc
guillemotleft.uc guillemotleft.uc
guillemotright.uc guillemotright.uc
macronacute.uc macronacute.uc
macrondieresis.uc macrondieresis.uc
macrongrave.uc macrongrave.uc
tildeacute.uc tildeacute.uc
tildedieresis.uc tildedieresis.uc
tildemacron.uc tildemacron.uc
